ts,banco,tabela,linhas_estimadas
2026-09-19T15:16:11+00:00,patientdb,patients,59920
2026-09-19T15:16:11+00:00,examdb,exam_requests,6
2026-09-19T15:16:11+00:00,resultdb,exam_results,10
2026-09-19T15:16:11+00:00,authdb,auth_clients,6
2026-09-19T15:16:11+00:00,consentdb,consents,7
2026-09-19T15:16:11+00:00,auditdb,audit_anomaly,5
2026-09-19T15:16:11+00:00,auditdb,audit_log,156959
2026-09-19T15:16:11+00:00,notificationdb,notifications,11
2026-09-19T15:16:11+00:00,triagedb,triages,3
2026-09-19T15:17:28+00:00,patientdb,patients,60236
2026-09-19T15:17:28+00:00,examdb,exam_requests,6
2026-09-19T15:17:28+00:00,resultdb,exam_results,10
2026-09-19T15:17:28+00:00,authdb,auth_clients,6
2026-09-19T15:17:28+00:00,consentdb,consents,8
2026-09-19T15:17:28+00:00,auditdb,audit_anomaly,6
2026-09-19T15:17:28+00:00,auditdb,audit_log,157775
2026-09-19T15:17:28+00:00,notificationdb,notifications,11
2026-09-19T15:17:28+00:00,triagedb,triages,3
2026-09-19T15:18:46+00:00,patientdb,patients,62274
2026-09-19T15:18:46+00:00,examdb,exam_requests,6
2026-09-19T15:18:46+00:00,resultdb,exam_results,10
2026-09-19T15:18:46+00:00,authdb,auth_clients,6
2026-09-19T15:18:46+00:00,consentdb,consents,8
2026-09-19T15:18:46+00:00,auditdb,audit_anomaly,6
2026-09-19T15:18:46+00:00,auditdb,audit_log,163138
2026-09-19T15:18:46+00:00,notificationdb,notifications,11
2026-09-19T15:18:46+00:00,triagedb,triages,3
2026-09-19T15:20:05+00:00,patientdb,patients,63675
2026-09-19T15:20:05+00:00,examdb,exam_requests,6
2026-09-19T15:20:05+00:00,resultdb,exam_results,10
2026-09-19T15:20:05+00:00,authdb,auth_clients,6
2026-09-19T15:20:05+00:00,consentdb,consents,9
2026-09-19T15:20:05+00:00,auditdb,audit_anomaly,7
2026-09-19T15:20:05+00:00,auditdb,audit_log,166571
2026-09-19T15:20:05+00:00,notificationdb,notifications,11
2026-09-19T15:20:05+00:00,triagedb,triages,3
2026-09-19T15:21:25+00:00,patientdb,patients,65929
2026-09-19T15:21:25+00:00,examdb,exam_requests,6
2026-09-19T15:21:25+00:00,resultdb,exam_results,10
2026-09-19T15:21:25+00:00,authdb,auth_clients,6
2026-09-19T15:21:25+00:00,consentdb,consents,9
2026-09-19T15:21:25+00:00,auditdb,audit_anomaly,7
2026-09-19T15:21:25+00:00,auditdb,audit_log,172344
2026-09-19T15:21:25+00:00,notificationdb,notifications,11
2026-09-19T15:21:25+00:00,triagedb,triages,3
2026-09-19T15:22:47+00:00,patientdb,patients,66272
2026-09-19T15:22:47+00:00,examdb,exam_requests,6
2026-09-19T15:22:47+00:00,resultdb,exam_results,10
2026-09-19T15:22:47+00:00,authdb,auth_clients,6
2026-09-19T15:22:47+00:00,consentdb,consents,9
2026-09-19T15:22:47+00:00,auditdb,audit_anomaly,7
2026-09-19T15:22:47+00:00,auditdb,audit_log,180179
2026-09-19T15:22:47+00:00,notificationdb,notifications,11
2026-09-19T15:22:47+00:00,triagedb,triages,3
2026-09-19T15:24:07+00:00,patientdb,patients,71803
2026-09-19T15:24:07+00:00,examdb,exam_requests,6
2026-09-19T15:24:07+00:00,resultdb,exam_results,10
2026-09-19T15:24:07+00:00,authdb,auth_clients,6
2026-09-19T15:24:07+00:00,consentdb,consents,9
2026-09-19T15:24:07+00:00,auditdb,audit_anomaly,7
2026-09-19T15:24:07+00:00,auditdb,audit_log,187818
2026-09-19T15:24:07+00:00,notificationdb,notifications,11
2026-09-19T15:24:07+00:00,triagedb,triages,3
2026-09-19T15:25:26+00:00,patientdb,patients,74811
2026-09-19T15:25:26+00:00,examdb,exam_requests,6
2026-09-19T15:25:26+00:00,resultdb,exam_results,10
2026-09-19T15:25:26+00:00,authdb,auth_clients,6
2026-09-19T15:25:26+00:00,consentdb,consents,9
2026-09-19T15:25:26+00:00,auditdb,audit_anomaly,7
2026-09-19T15:25:26+00:00,auditdb,audit_log,195467
2026-09-19T15:25:26+00:00,notificationdb,notifications,11
2026-09-19T15:25:26+00:00,triagedb,triages,3
2026-09-19T15:26:46+00:00,patientdb,patients,77786
2026-09-19T15:26:46+00:00,examdb,exam_requests,6
2026-09-19T15:26:46+00:00,resultdb,exam_results,10
2026-09-19T15:26:46+00:00,authdb,auth_clients,6
2026-09-19T15:26:46+00:00,consentdb,consents,9
2026-09-19T15:26:46+00:00,auditdb,audit_anomaly,7
2026-09-19T15:26:46+00:00,auditdb,audit_log,202669
2026-09-19T15:26:46+00:00,notificationdb,notifications,11
2026-09-19T15:26:46+00:00,triagedb,triages,3
2026-09-19T15:28:06+00:00,patientdb,patients,79097
2026-09-19T15:28:06+00:00,examdb,exam_requests,6
2026-09-19T15:28:06+00:00,resultdb,exam_results,10
2026-09-19T15:28:06+00:00,authdb,auth_clients,6
2026-09-19T15:28:06+00:00,consentdb,consents,9
2026-09-19T15:28:06+00:00,auditdb,audit_anomaly,7
2026-09-19T15:28:06+00:00,auditdb,audit_log,205982
2026-09-19T15:28:06+00:00,notificationdb,notifications,11
2026-09-19T15:28:06+00:00,triagedb,triages,3
2026-09-19T15:29:25+00:00,patientdb,patients,79136
2026-09-19T15:29:25+00:00,examdb,exam_requests,6
2026-09-19T15:29:25+00:00,resultdb,exam_results,10
2026-09-19T15:29:25+00:00,authdb,auth_clients,6
2026-09-19T15:29:25+00:00,consentdb,consents,10
2026-09-19T15:29:25+00:00,auditdb,audit_anomaly,8
2026-09-19T15:29:25+00:00,auditdb,audit_log,206110
2026-09-19T15:29:25+00:00,notificationdb,notifications,11
2026-09-19T15:29:25+00:00,triagedb,triages,3
2026-09-19T15:30:42+00:00,patientdb,patients,82453
2026-09-19T15:30:42+00:00,examdb,exam_requests,6
2026-09-19T15:30:42+00:00,resultdb,exam_results,10
2026-09-19T15:30:42+00:00,authdb,auth_clients,6
2026-09-19T15:30:42+00:00,consentdb,consents,10
2026-09-19T15:30:42+00:00,auditdb,audit_anomaly,8
2026-09-19T15:30:42+00:00,auditdb,audit_log,214661
2026-09-19T15:30:42+00:00,notificationdb,notifications,11
2026-09-19T15:30:42+00:00,triagedb,triages,3
2026-09-19T15:32:04+00:00,patientdb,patients,90764
2026-09-19T15:32:04+00:00,examdb,exam_requests,6
2026-09-19T15:32:04+00:00,resultdb,exam_results,10
2026-09-19T15:32:04+00:00,authdb,auth_clients,6
2026-09-19T15:32:04+00:00,consentdb,consents,10
2026-09-19T15:32:04+00:00,auditdb,audit_anomaly,8
2026-09-19T15:32:04+00:00,auditdb,audit_log,224841
2026-09-19T15:32:04+00:00,notificationdb,notifications,11
2026-09-19T15:32:04+00:00,triagedb,triages,3
2026-09-19T15:33:34+00:00,patientdb,patients,99708
2026-09-19T15:33:34+00:00,examdb,exam_requests,6
2026-09-19T15:33:34+00:00,resultdb,exam_results,10
2026-09-19T15:33:34+00:00,authdb,auth_clients,6
2026-09-19T15:33:34+00:00,consentdb,consents,10
2026-09-19T15:33:34+00:00,auditdb,audit_anomaly,8
2026-09-19T15:33:34+00:00,auditdb,audit_log,231881
2026-09-19T15:33:34+00:00,notificationdb,notifications,11
2026-09-19T15:33:34+00:00,triagedb,triages,3
2026-09-19T15:35:01+00:00,patientdb,patients,108817
2026-09-19T15:35:01+00:00,examdb,exam_requests,6
2026-09-19T15:35:01+00:00,resultdb,exam_results,10
2026-09-19T15:35:01+00:00,authdb,auth_clients,6
2026-09-19T15:35:01+00:00,consentdb,consents,10
2026-09-19T15:35:01+00:00,auditdb,audit_anomaly,8
2026-09-19T15:35:01+00:00,auditdb,audit_log,239686
2026-09-19T15:35:01+00:00,notificationdb,notifications,11
2026-09-19T15:35:01+00:00,triagedb,triages,3
2026-09-19T15:36:24+00:00,patientdb,patients,117684
2026-09-19T15:36:24+00:00,examdb,exam_requests,6
2026-09-19T15:36:24+00:00,resultdb,exam_results,10
2026-09-19T15:36:24+00:00,authdb,auth_clients,6
2026-09-19T15:36:24+00:00,consentdb,consents,10
2026-09-19T15:36:24+00:00,auditdb,audit_anomaly,8
2026-09-19T15:36:24+00:00,auditdb,audit_log,246822
2026-09-19T15:36:24+00:00,notificationdb,notifications,11
2026-09-19T15:36:24+00:00,triagedb,triages,3
2026-09-19T15:37:46+00:00,patientdb,patients,122824
2026-09-19T15:37:46+00:00,examdb,exam_requests,6
2026-09-19T15:37:46+00:00,resultdb,exam_results,10
2026-09-19T15:37:46+00:00,authdb,auth_clients,6
2026-09-19T15:37:46+00:00,consentdb,consents,10
2026-09-19T15:37:46+00:00,auditdb,audit_anomaly,8
2026-09-19T15:37:46+00:00,auditdb,audit_log,254553
2026-09-19T15:37:46+00:00,notificationdb,notifications,11
2026-09-19T15:37:46+00:00,triagedb,triages,3
2026-09-19T15:39:05+00:00,patientdb,patients,123224
2026-09-19T15:39:05+00:00,examdb,exam_requests,6
2026-09-19T15:39:05+00:00,resultdb,exam_results,10
2026-09-19T15:39:05+00:00,authdb,auth_clients,6
2026-09-19T15:39:05+00:00,consentdb,consents,10
2026-09-19T15:39:05+00:00,auditdb,audit_anomaly,8
2026-09-19T15:39:05+00:00,auditdb,audit_log,262620
2026-09-19T15:39:05+00:00,notificationdb,notifications,11
2026-09-19T15:39:05+00:00,triagedb,triages,3
2026-09-19T15:40:23+00:00,patientdb,patients,123224
2026-09-19T15:40:23+00:00,examdb,exam_requests,6
2026-09-19T15:40:23+00:00,resultdb,exam_results,10
2026-09-19T15:40:23+00:00,authdb,auth_clients,6
2026-09-19T15:40:23+00:00,consentdb,consents,10
2026-09-19T15:40:23+00:00,auditdb,audit_anomaly,9
2026-09-19T15:40:23+00:00,auditdb,audit_log,270443
2026-09-19T15:40:23+00:00,notificationdb,notifications,11
2026-09-19T15:40:23+00:00,triagedb,triages,3
2026-09-19T15:41:41+00:00,patientdb,patients,123470
2026-09-19T15:41:41+00:00,examdb,exam_requests,6
2026-09-19T15:41:41+00:00,resultdb,exam_results,10
2026-09-19T15:41:41+00:00,authdb,auth_clients,6
2026-09-19T15:41:41+00:00,consentdb,consents,11
2026-09-19T15:41:41+00:00,auditdb,audit_anomaly,9
2026-09-19T15:41:41+00:00,auditdb,audit_log,278722
2026-09-19T15:41:41+00:00,notificationdb,notifications,11
2026-09-19T15:41:41+00:00,triagedb,triages,3
2026-09-19T15:43:02+00:00,patientdb,patients,128328
2026-09-19T15:43:02+00:00,examdb,exam_requests,6
2026-09-19T15:43:02+00:00,resultdb,exam_results,10
2026-09-19T15:43:02+00:00,authdb,auth_clients,6
2026-09-19T15:43:02+00:00,consentdb,consents,11
2026-09-19T15:43:02+00:00,auditdb,audit_anomaly,9
2026-09-19T15:43:02+00:00,auditdb,audit_log,286533
2026-09-19T15:43:02+00:00,notificationdb,notifications,11
2026-09-19T15:43:02+00:00,triagedb,triages,3
2026-09-19T15:44:29+00:00,patientdb,patients,137370
2026-09-19T15:44:29+00:00,examdb,exam_requests,6
2026-09-19T15:44:29+00:00,resultdb,exam_results,10
2026-09-19T15:44:29+00:00,authdb,auth_clients,6
2026-09-19T15:44:29+00:00,consentdb,consents,11
2026-09-19T15:44:29+00:00,auditdb,audit_anomaly,9
2026-09-19T15:44:29+00:00,auditdb,audit_log,294089
2026-09-19T15:44:29+00:00,notificationdb,notifications,11
2026-09-19T15:44:29+00:00,triagedb,triages,3
2026-09-19T15:45:56+00:00,patientdb,patients,144253
2026-09-19T15:45:56+00:00,examdb,exam_requests,6
2026-09-19T15:45:56+00:00,resultdb,exam_results,10
2026-09-19T15:45:56+00:00,authdb,auth_clients,6
2026-09-19T15:45:56+00:00,consentdb,consents,11
2026-09-19T15:45:56+00:00,auditdb,audit_anomaly,9
2026-09-19T15:45:56+00:00,auditdb,audit_log,303929
2026-09-19T15:45:56+00:00,notificationdb,notifications,11
2026-09-19T15:45:56+00:00,triagedb,triages,3
2026-09-19T15:47:18+00:00,patientdb,patients,152933
2026-09-19T15:47:18+00:00,examdb,exam_requests,6
2026-09-19T15:47:18+00:00,resultdb,exam_results,10
2026-09-19T15:47:18+00:00,authdb,auth_clients,6
2026-09-19T15:47:18+00:00,consentdb,consents,11
2026-09-19T15:47:18+00:00,auditdb,audit_anomaly,9
2026-09-19T15:47:18+00:00,auditdb,audit_log,318485
2026-09-19T15:47:18+00:00,notificationdb,notifications,11
2026-09-19T15:47:18+00:00,triagedb,triages,3
2026-09-19T15:48:40+00:00,patientdb,patients,163479
2026-09-19T15:48:40+00:00,examdb,exam_requests,6
2026-09-19T15:48:40+00:00,resultdb,exam_results,10
2026-09-19T15:48:40+00:00,authdb,auth_clients,6
2026-09-19T15:48:40+00:00,consentdb,consents,11
2026-09-19T15:48:40+00:00,auditdb,audit_anomaly,10
2026-09-19T15:48:40+00:00,auditdb,audit_log,332213
2026-09-19T15:48:40+00:00,notificationdb,notifications,11
2026-09-19T15:48:40+00:00,triagedb,triages,3
2026-09-19T15:50:02+00:00,patientdb,patients,167557
2026-09-19T15:50:02+00:00,examdb,exam_requests,6
2026-09-19T15:50:02+00:00,resultdb,exam_results,10
2026-09-19T15:50:02+00:00,authdb,auth_clients,6
2026-09-19T15:50:02+00:00,consentdb,consents,11
2026-09-19T15:50:02+00:00,auditdb,audit_anomaly,10
2026-09-19T15:50:02+00:00,auditdb,audit_log,345417
2026-09-19T15:50:02+00:00,notificationdb,notifications,11
2026-09-19T15:50:02+00:00,triagedb,triages,3
2026-09-19T15:51:22+00:00,patientdb,patients,167670
2026-09-19T15:51:22+00:00,examdb,exam_requests,6
2026-09-19T15:51:22+00:00,resultdb,exam_results,10
2026-09-19T15:51:22+00:00,authdb,auth_clients,6
2026-09-19T15:51:22+00:00,consentdb,consents,11
2026-09-19T15:51:22+00:00,auditdb,audit_anomaly,10
2026-09-19T15:51:22+00:00,auditdb,audit_log,358094
2026-09-19T15:51:22+00:00,notificationdb,notifications,11
2026-09-19T15:51:22+00:00,triagedb,triages,3
2026-09-19T15:52:39+00:00,patientdb,patients,167670
2026-09-19T15:52:39+00:00,examdb,exam_requests,6
2026-09-19T15:52:39+00:00,resultdb,exam_results,10
2026-09-19T15:52:39+00:00,authdb,auth_clients,6
2026-09-19T15:52:39+00:00,consentdb,consents,11
2026-09-19T15:52:39+00:00,auditdb,audit_anomaly,10
2026-09-19T15:52:39+00:00,auditdb,audit_log,368429
2026-09-19T15:52:39+00:00,notificationdb,notifications,11
2026-09-19T15:52:39+00:00,triagedb,triages,3
2026-09-19T15:53:56+00:00,patientdb,patients,168345
2026-09-19T15:53:56+00:00,examdb,exam_requests,6
2026-09-19T15:53:56+00:00,resultdb,exam_results,10
2026-09-19T15:53:56+00:00,authdb,auth_clients,6
2026-09-19T15:53:56+00:00,consentdb,consents,12
2026-09-19T15:53:56+00:00,auditdb,audit_anomaly,11
2026-09-19T15:53:56+00:00,auditdb,audit_log,380066
2026-09-19T15:53:56+00:00,notificationdb,notifications,11
2026-09-19T15:53:56+00:00,triagedb,triages,3
2026-09-19T15:55:19+00:00,patientdb,patients,174410
2026-09-19T15:55:19+00:00,examdb,exam_requests,6
2026-09-19T15:55:19+00:00,resultdb,exam_results,10
2026-09-19T15:55:19+00:00,authdb,auth_clients,6
2026-09-19T15:55:19+00:00,consentdb,consents,12
2026-09-19T15:55:19+00:00,auditdb,audit_anomaly,11
2026-09-19T15:55:19+00:00,auditdb,audit_log,400725
2026-09-19T15:55:19+00:00,notificationdb,notifications,11
2026-09-19T15:55:19+00:00,triagedb,triages,3
2026-09-19T15:56:50+00:00,patientdb,patients,180866
2026-09-19T15:56:50+00:00,examdb,exam_requests,6
2026-09-19T15:56:50+00:00,resultdb,exam_results,10
2026-09-19T15:56:50+00:00,authdb,auth_clients,6
2026-09-19T15:56:50+00:00,consentdb,consents,12
2026-09-19T15:56:50+00:00,auditdb,audit_anomaly,11
2026-09-19T15:56:50+00:00,auditdb,audit_log,416427
2026-09-19T15:56:50+00:00,notificationdb,notifications,11
2026-09-19T15:56:50+00:00,triagedb,triages,3
2026-09-19T15:58:18+00:00,patientdb,patients,189833
2026-09-19T15:58:18+00:00,examdb,exam_requests,6
2026-09-19T15:58:18+00:00,resultdb,exam_results,10
2026-09-19T15:58:18+00:00,authdb,auth_clients,6
2026-09-19T15:58:18+00:00,consentdb,consents,12
2026-09-19T15:58:18+00:00,auditdb,audit_anomaly,11
2026-09-19T15:58:18+00:00,auditdb,audit_log,435566
2026-09-19T15:58:18+00:00,notificationdb,notifications,11
2026-09-19T15:58:18+00:00,triagedb,triages,3
2026-09-19T15:59:44+00:00,patientdb,patients,201222
2026-09-19T15:59:44+00:00,examdb,exam_requests,6
2026-09-19T15:59:44+00:00,resultdb,exam_results,10
2026-09-19T15:59:44+00:00,authdb,auth_clients,6
2026-09-19T15:59:44+00:00,consentdb,consents,12
2026-09-19T15:59:44+00:00,auditdb,audit_anomaly,11
2026-09-19T15:59:44+00:00,auditdb,audit_log,457651
2026-09-19T15:59:44+00:00,notificationdb,notifications,11
2026-09-19T15:59:44+00:00,triagedb,triages,3
2026-09-19T16:01:08+00:00,patientdb,patients,208946
2026-09-19T16:01:08+00:00,examdb,exam_requests,6
2026-09-19T16:01:08+00:00,resultdb,exam_results,10
2026-09-19T16:01:08+00:00,authdb,auth_clients,6
2026-09-19T16:01:08+00:00,consentdb,consents,12
2026-09-19T16:01:08+00:00,auditdb,audit_anomaly,11
2026-09-19T16:01:08+00:00,auditdb,audit_log,480223
2026-09-19T16:01:08+00:00,notificationdb,notifications,11
2026-09-19T16:01:08+00:00,triagedb,triages,3
2026-09-19T16:02:26+00:00,patientdb,patients,211174
2026-09-19T16:02:26+00:00,examdb,exam_requests,6
2026-09-19T16:02:26+00:00,resultdb,exam_results,10
2026-09-19T16:02:26+00:00,authdb,auth_clients,6
2026-09-19T16:02:26+00:00,consentdb,consents,12
2026-09-19T16:02:26+00:00,auditdb,audit_anomaly,11
2026-09-19T16:02:26+00:00,auditdb,audit_log,488693
2026-09-19T16:02:26+00:00,notificationdb,notifications,11
2026-09-19T16:02:26+00:00,triagedb,triages,3
2026-09-19T16:03:45+00:00,patientdb,patients,211175
2026-09-19T16:03:45+00:00,examdb,exam_requests,6
2026-09-19T16:03:45+00:00,resultdb,exam_results,10
2026-09-19T16:03:45+00:00,authdb,auth_clients,6
2026-09-19T16:03:45+00:00,consentdb,consents,12
2026-09-19T16:03:45+00:00,auditdb,audit_anomaly,12
2026-09-19T16:03:45+00:00,auditdb,audit_log,496981
2026-09-19T16:03:45+00:00,notificationdb,notifications,11
2026-09-19T16:03:45+00:00,triagedb,triages,3
2026-09-19T16:05:05+00:00,patientdb,patients,211175
2026-09-19T16:05:05+00:00,examdb,exam_requests,6
2026-09-19T16:05:05+00:00,resultdb,exam_results,10
2026-09-19T16:05:05+00:00,authdb,auth_clients,6
2026-09-19T16:05:05+00:00,consentdb,consents,12
2026-09-19T16:05:05+00:00,auditdb,audit_anomaly,12
2026-09-19T16:05:05+00:00,auditdb,audit_log,505066
2026-09-19T16:05:05+00:00,notificationdb,notifications,11
2026-09-19T16:05:05+00:00,triagedb,triages,3
2026-09-19T16:06:30+00:00,patientdb,patients,223948
2026-09-19T16:06:30+00:00,examdb,exam_requests,6
2026-09-19T16:06:30+00:00,resultdb,exam_results,10
2026-09-19T16:06:30+00:00,authdb,auth_clients,6
2026-09-19T16:06:30+00:00,consentdb,consents,13
2026-09-19T16:06:30+00:00,auditdb,audit_anomaly,13
2026-09-19T16:06:30+00:00,auditdb,audit_log,516710
2026-09-19T16:06:30+00:00,notificationdb,notifications,11
2026-09-19T16:06:30+00:00,triagedb,triages,3
2026-09-19T16:08:15+00:00,patientdb,patients,249601
2026-09-19T16:08:15+00:00,examdb,exam_requests,6
2026-09-19T16:08:15+00:00,resultdb,exam_results,10
2026-09-19T16:08:15+00:00,authdb,auth_clients,6
2026-09-19T16:08:15+00:00,consentdb,consents,13
2026-09-19T16:08:15+00:00,auditdb,audit_anomaly,13
2026-09-19T16:08:15+00:00,auditdb,audit_log,523090
2026-09-19T16:08:15+00:00,notificationdb,notifications,11
2026-09-19T16:08:15+00:00,triagedb,triages,3
2026-09-19T16:10:00+00:00,patientdb,patients,277442
2026-09-19T16:10:00+00:00,examdb,exam_requests,6
2026-09-19T16:10:00+00:00,resultdb,exam_results,10
2026-09-19T16:10:00+00:00,authdb,auth_clients,6
2026-09-19T16:10:00+00:00,consentdb,consents,13
2026-09-19T16:10:00+00:00,auditdb,audit_anomaly,13
2026-09-19T16:10:00+00:00,auditdb,audit_log,530617
2026-09-19T16:10:00+00:00,notificationdb,notifications,11
2026-09-19T16:10:00+00:00,triagedb,triages,3
2026-09-19T16:11:49+00:00,patientdb,patients,306386
2026-09-19T16:11:49+00:00,examdb,exam_requests,6
2026-09-19T16:11:49+00:00,resultdb,exam_results,10
2026-09-19T16:11:49+00:00,authdb,auth_clients,6
2026-09-19T16:11:49+00:00,consentdb,consents,13
2026-09-19T16:11:49+00:00,auditdb,audit_anomaly,13
2026-09-19T16:11:49+00:00,auditdb,audit_log,538645
2026-09-19T16:11:49+00:00,notificationdb,notifications,11
2026-09-19T16:11:49+00:00,triagedb,triages,3
2026-09-19T16:13:32+00:00,patientdb,patients,332517
2026-09-19T16:13:32+00:00,examdb,exam_requests,6
2026-09-19T16:13:32+00:00,resultdb,exam_results,10
2026-09-19T16:13:32+00:00,authdb,auth_clients,6
2026-09-19T16:13:32+00:00,consentdb,consents,13
2026-09-19T16:13:32+00:00,auditdb,audit_anomaly,13
2026-09-19T16:13:32+00:00,auditdb,audit_log,546686
2026-09-19T16:13:32+00:00,notificationdb,notifications,11
2026-09-19T16:13:32+00:00,triagedb,triages,3
2026-09-19T16:14:55+00:00,patientdb,patients,337608
2026-09-19T16:14:55+00:00,examdb,exam_requests,6
2026-09-19T16:14:55+00:00,resultdb,exam_results,10
2026-09-19T16:14:55+00:00,authdb,auth_clients,6
2026-09-19T16:14:55+00:00,consentdb,consents,13
2026-09-19T16:14:55+00:00,auditdb,audit_anomaly,13
2026-09-19T16:14:55+00:00,auditdb,audit_log,578867
2026-09-19T16:14:55+00:00,notificationdb,notifications,11
2026-09-19T16:14:55+00:00,triagedb,triages,3
2026-09-19T16:16:13+00:00,patientdb,patients,337608
2026-09-19T16:16:13+00:00,examdb,exam_requests,6
2026-09-19T16:16:13+00:00,resultdb,exam_results,10
2026-09-19T16:16:13+00:00,authdb,auth_clients,6
2026-09-19T16:16:13+00:00,consentdb,consents,13
2026-09-19T16:16:13+00:00,auditdb,audit_anomaly,14
2026-09-19T16:16:13+00:00,auditdb,audit_log,593930
2026-09-19T16:16:13+00:00,notificationdb,notifications,11
2026-09-19T16:16:13+00:00,triagedb,triages,3
2026-09-19T16:17:33+00:00,patientdb,patients,338041
2026-09-19T16:17:33+00:00,examdb,exam_requests,6
2026-09-19T16:17:33+00:00,resultdb,exam_results,10
2026-09-19T16:17:33+00:00,authdb,auth_clients,6
2026-09-19T16:17:33+00:00,consentdb,consents,14
2026-09-19T16:17:33+00:00,auditdb,audit_anomaly,14
2026-09-19T16:17:33+00:00,auditdb,audit_log,618244
2026-09-19T16:17:33+00:00,notificationdb,notifications,11
2026-09-19T16:17:33+00:00,triagedb,triages,3
2026-09-19T16:19:02+00:00,patientdb,patients,359468
2026-09-19T16:19:02+00:00,examdb,exam_requests,6
2026-09-19T16:19:02+00:00,resultdb,exam_results,10
2026-09-19T16:19:02+00:00,authdb,auth_clients,6
2026-09-19T16:19:02+00:00,consentdb,consents,14
2026-09-19T16:19:02+00:00,auditdb,audit_anomaly,14
2026-09-19T16:19:02+00:00,auditdb,audit_log,626979
2026-09-19T16:19:02+00:00,notificationdb,notifications,11
2026-09-19T16:19:02+00:00,triagedb,triages,3
2026-09-19T16:20:44+00:00,patientdb,patients,388036
2026-09-19T16:20:44+00:00,examdb,exam_requests,6
2026-09-19T16:20:44+00:00,resultdb,exam_results,10
2026-09-19T16:20:44+00:00,authdb,auth_clients,6
2026-09-19T16:20:44+00:00,consentdb,consents,14
2026-09-19T16:20:44+00:00,auditdb,audit_anomaly,14
2026-09-19T16:20:44+00:00,auditdb,audit_log,631489
2026-09-19T16:20:44+00:00,notificationdb,notifications,11
2026-09-19T16:20:44+00:00,triagedb,triages,3
2026-09-19T16:22:26+00:00,patientdb,patients,417465
2026-09-19T16:22:26+00:00,examdb,exam_requests,6
2026-09-19T16:22:26+00:00,resultdb,exam_results,10
2026-09-19T16:22:26+00:00,authdb,auth_clients,6
2026-09-19T16:22:26+00:00,consentdb,consents,14
2026-09-19T16:22:26+00:00,auditdb,audit_anomaly,14
2026-09-19T16:22:26+00:00,auditdb,audit_log,636217
2026-09-19T16:22:26+00:00,notificationdb,notifications,11
2026-09-19T16:22:26+00:00,triagedb,triages,3
2026-09-19T16:24:12+00:00,patientdb,patients,445104
2026-09-19T16:24:12+00:00,examdb,exam_requests,6
2026-09-19T16:24:12+00:00,resultdb,exam_results,10
2026-09-19T16:24:12+00:00,authdb,auth_clients,6
2026-09-19T16:24:12+00:00,consentdb,consents,14
2026-09-19T16:24:12+00:00,auditdb,audit_anomaly,14
2026-09-19T16:24:12+00:00,auditdb,audit_log,640764
2026-09-19T16:24:12+00:00,notificationdb,notifications,11
2026-09-19T16:24:12+00:00,triagedb,triages,3
2026-09-19T16:25:52+00:00,patientdb,patients,471090
2026-09-19T16:25:52+00:00,examdb,exam_requests,6
2026-09-19T16:25:52+00:00,resultdb,exam_results,10
2026-09-19T16:25:52+00:00,authdb,auth_clients,6
2026-09-19T16:25:52+00:00,consentdb,consents,14
2026-09-19T16:25:52+00:00,auditdb,audit_anomaly,14
2026-09-19T16:25:52+00:00,auditdb,audit_log,647527
2026-09-19T16:25:52+00:00,notificationdb,notifications,11
2026-09-19T16:25:52+00:00,triagedb,triages,3
2026-09-19T16:27:12+00:00,patientdb,patients,472973
2026-09-19T16:27:12+00:00,examdb,exam_requests,6
2026-09-19T16:27:12+00:00,resultdb,exam_results,10
2026-09-19T16:27:12+00:00,authdb,auth_clients,6
2026-09-19T16:27:12+00:00,consentdb,consents,14
2026-09-19T16:27:12+00:00,auditdb,audit_anomaly,14
2026-09-19T16:27:12+00:00,auditdb,audit_log,678026
2026-09-19T16:27:12+00:00,notificationdb,notifications,11
2026-09-19T16:27:12+00:00,triagedb,triages,3
2026-09-19T16:28:31+00:00,patientdb,patients,472973
2026-09-19T16:28:31+00:00,examdb,exam_requests,6
2026-09-19T16:28:31+00:00,resultdb,exam_results,10
2026-09-19T16:28:31+00:00,authdb,auth_clients,6
2026-09-19T16:28:31+00:00,consentdb,consents,14
2026-09-19T16:28:31+00:00,auditdb,audit_anomaly,14
2026-09-19T16:28:31+00:00,auditdb,audit_log,713573
2026-09-19T16:28:31+00:00,notificationdb,notifications,11
2026-09-19T16:28:31+00:00,triagedb,triages,3
2026-09-19T16:29:52+00:00,patientdb,patients,475703
2026-09-19T16:29:52+00:00,examdb,exam_requests,6
2026-09-19T16:29:52+00:00,resultdb,exam_results,10
2026-09-19T16:29:52+00:00,authdb,auth_clients,6
2026-09-19T16:29:52+00:00,consentdb,consents,15
2026-09-19T16:29:52+00:00,auditdb,audit_anomaly,15
2026-09-19T16:29:52+00:00,auditdb,audit_log,747946
2026-09-19T16:29:52+00:00,notificationdb,notifications,11
2026-09-19T16:29:52+00:00,triagedb,triages,3
2026-09-19T16:31:32+00:00,patientdb,patients,502147
2026-09-19T16:31:32+00:00,examdb,exam_requests,6
2026-09-19T16:31:32+00:00,resultdb,exam_results,10
2026-09-19T16:31:32+00:00,authdb,auth_clients,6
2026-09-19T16:31:32+00:00,consentdb,consents,15
2026-09-19T16:31:32+00:00,auditdb,audit_anomaly,15
2026-09-19T16:31:32+00:00,auditdb,audit_log,758666
2026-09-19T16:31:32+00:00,notificationdb,notifications,11
2026-09-19T16:31:32+00:00,triagedb,triages,3
2026-09-19T16:33:14+00:00,patientdb,patients,531834
2026-09-19T16:33:14+00:00,examdb,exam_requests,6
2026-09-19T16:33:14+00:00,resultdb,exam_results,10
2026-09-19T16:33:14+00:00,authdb,auth_clients,6
2026-09-19T16:33:14+00:00,consentdb,consents,15
2026-09-19T16:33:14+00:00,auditdb,audit_anomaly,15
2026-09-19T16:33:14+00:00,auditdb,audit_log,767534
2026-09-19T16:33:14+00:00,notificationdb,notifications,11
2026-09-19T16:33:14+00:00,triagedb,triages,3
2026-09-19T16:35:00+00:00,patientdb,patients,560875
2026-09-19T16:35:00+00:00,examdb,exam_requests,6
2026-09-19T16:35:00+00:00,resultdb,exam_results,10
2026-09-19T16:35:00+00:00,authdb,auth_clients,6
2026-09-19T16:35:00+00:00,consentdb,consents,15
2026-09-19T16:35:00+00:00,auditdb,audit_anomaly,15
2026-09-19T16:35:00+00:00,auditdb,audit_log,775835
2026-09-19T16:35:00+00:00,notificationdb,notifications,11
2026-09-19T16:35:00+00:00,triagedb,triages,3
2026-09-19T16:36:44+00:00,patientdb,patients,588726
2026-09-19T16:36:44+00:00,examdb,exam_requests,6
2026-09-19T16:36:44+00:00,resultdb,exam_results,10
2026-09-19T16:36:44+00:00,authdb,auth_clients,6
2026-09-19T16:36:44+00:00,consentdb,consents,15
2026-09-19T16:36:44+00:00,auditdb,audit_anomaly,15
2026-09-19T16:36:44+00:00,auditdb,audit_log,783285
2026-09-19T16:36:44+00:00,notificationdb,notifications,11
2026-09-19T16:36:44+00:00,triagedb,triages,3
2026-09-19T16:38:21+00:00,patientdb,patients,605427
2026-09-19T16:38:21+00:00,examdb,exam_requests,6
2026-09-19T16:38:21+00:00,resultdb,exam_results,10
2026-09-19T16:38:21+00:00,authdb,auth_clients,6
2026-09-19T16:38:21+00:00,consentdb,consents,15
2026-09-19T16:38:21+00:00,auditdb,audit_anomaly,15
2026-09-19T16:38:21+00:00,auditdb,audit_log,798573
2026-09-19T16:38:21+00:00,notificationdb,notifications,11
2026-09-19T16:38:21+00:00,triagedb,triages,3
2026-09-19T16:39:41+00:00,patientdb,patients,605442
2026-09-19T16:39:41+00:00,examdb,exam_requests,6
2026-09-19T16:39:41+00:00,resultdb,exam_results,10
2026-09-19T16:39:41+00:00,authdb,auth_clients,6
2026-09-19T16:39:41+00:00,consentdb,consents,15
2026-09-19T16:39:41+00:00,auditdb,audit_anomaly,16
2026-09-19T16:39:41+00:00,auditdb,audit_log,840944
2026-09-19T16:39:41+00:00,notificationdb,notifications,11
2026-09-19T16:39:41+00:00,triagedb,triages,3
2026-09-19T16:41:01+00:00,patientdb,patients,605442
2026-09-19T16:41:01+00:00,examdb,exam_requests,6
2026-09-19T16:41:01+00:00,resultdb,exam_results,10
2026-09-19T16:41:01+00:00,authdb,auth_clients,6
2026-09-19T16:41:01+00:00,consentdb,consents,15
2026-09-19T16:41:01+00:00,auditdb,audit_anomaly,16
2026-09-19T16:41:01+00:00,auditdb,audit_log,890025
2026-09-19T16:41:01+00:00,notificationdb,notifications,11
2026-09-19T16:41:01+00:00,triagedb,triages,3
2026-09-19T16:42:30+00:00,patientdb,patients,605461
2026-09-19T16:42:30+00:00,examdb,exam_requests,6
2026-09-19T16:42:30+00:00,resultdb,exam_results,610
2026-09-19T16:42:30+00:00,authdb,auth_clients,7
2026-09-19T16:42:30+00:00,consentdb,consents,36
2026-09-19T16:42:30+00:00,auditdb,audit_anomaly,24
2026-09-19T16:42:30+00:00,auditdb,audit_log,923656
2026-09-19T16:42:30+00:00,notificationdb,notifications,611
2026-09-19T16:42:30+00:00,triagedb,triages,3
2026-09-19T16:44:11+00:00,patientdb,patients,605461
2026-09-19T16:44:11+00:00,examdb,exam_requests,6
2026-09-19T16:44:11+00:00,resultdb,exam_results,610
2026-09-19T16:44:11+00:00,authdb,auth_clients,7
2026-09-19T16:44:11+00:00,consentdb,consents,36
2026-09-19T16:44:11+00:00,auditdb,audit_anomaly,24
2026-09-19T16:44:11+00:00,auditdb,audit_log,935226
2026-09-19T16:44:11+00:00,notificationdb,notifications,611
2026-09-19T16:44:11+00:00,triagedb,triages,3
2026-09-19T16:45:43+00:00,patientdb,patients,605461
2026-09-19T16:45:43+00:00,examdb,exam_requests,6
2026-09-19T16:45:43+00:00,resultdb,exam_results,610
2026-09-19T16:45:43+00:00,authdb,auth_clients,7
2026-09-19T16:45:43+00:00,consentdb,consents,36
2026-09-19T16:45:43+00:00,auditdb,audit_anomaly,24
2026-09-19T16:45:43+00:00,auditdb,audit_log,966258
2026-09-19T16:45:43+00:00,notificationdb,notifications,611
2026-09-19T16:45:43+00:00,triagedb,triages,3
2026-09-19T16:47:21+00:00,patientdb,patients,605461
2026-09-19T16:47:21+00:00,examdb,exam_requests,6
2026-09-19T16:47:21+00:00,resultdb,exam_results,610
2026-09-19T16:47:21+00:00,authdb,auth_clients,7
2026-09-19T16:47:21+00:00,consentdb,consents,36
2026-09-19T16:47:21+00:00,auditdb,audit_anomaly,24
2026-09-19T16:47:21+00:00,auditdb,audit_log,977645
2026-09-19T16:47:21+00:00,notificationdb,notifications,611
2026-09-19T16:47:21+00:00,triagedb,triages,3
2026-09-19T16:48:50+00:00,patientdb,patients,605461
2026-09-19T16:48:50+00:00,examdb,exam_requests,6
2026-09-19T16:48:50+00:00,resultdb,exam_results,610
2026-09-19T16:48:50+00:00,authdb,auth_clients,7
2026-09-19T16:48:50+00:00,consentdb,consents,36
2026-09-19T16:48:50+00:00,auditdb,audit_anomaly,24
2026-09-19T16:48:50+00:00,auditdb,audit_log,1005723
2026-09-19T16:48:50+00:00,notificationdb,notifications,611
2026-09-19T16:48:50+00:00,triagedb,triages,3
2026-09-19T16:50:29+00:00,patientdb,patients,605461
2026-09-19T16:50:29+00:00,examdb,exam_requests,6
2026-09-19T16:50:29+00:00,resultdb,exam_results,610
2026-09-19T16:50:29+00:00,authdb,auth_clients,7
2026-09-19T16:50:29+00:00,consentdb,consents,36
2026-09-19T16:50:29+00:00,auditdb,audit_anomaly,24
2026-09-19T16:50:29+00:00,auditdb,audit_log,1015937
2026-09-19T16:50:29+00:00,notificationdb,notifications,611
2026-09-19T16:50:29+00:00,triagedb,triages,3
2026-09-19T16:52:03+00:00,patientdb,patients,605461
2026-09-19T16:52:03+00:00,examdb,exam_requests,6
2026-09-19T16:52:03+00:00,resultdb,exam_results,610
2026-09-19T16:52:03+00:00,authdb,auth_clients,7
2026-09-19T16:52:03+00:00,consentdb,consents,36
2026-09-19T16:52:03+00:00,auditdb,audit_anomaly,29
2026-09-19T16:52:03+00:00,auditdb,audit_log,1040376
2026-09-19T16:52:03+00:00,notificationdb,notifications,611
2026-09-19T16:52:03+00:00,triagedb,triages,3
2026-09-19T16:53:28+00:00,patientdb,patients,605461
2026-09-19T16:53:28+00:00,examdb,exam_requests,6
2026-09-19T16:53:28+00:00,resultdb,exam_results,610
2026-09-19T16:53:28+00:00,authdb,auth_clients,7
2026-09-19T16:53:28+00:00,consentdb,consents,36
2026-09-19T16:53:28+00:00,auditdb,audit_anomaly,29
2026-09-19T16:53:28+00:00,auditdb,audit_log,1043412
2026-09-19T16:53:28+00:00,notificationdb,notifications,611
2026-09-19T16:53:28+00:00,triagedb,triages,3
2026-09-19T16:54:52+00:00,patientdb,patients,605461
2026-09-19T16:54:52+00:00,examdb,exam_requests,6
2026-09-19T16:54:52+00:00,resultdb,exam_results,610
2026-09-19T16:54:52+00:00,authdb,auth_clients,7
2026-09-19T16:54:52+00:00,consentdb,consents,36
2026-09-19T16:54:52+00:00,auditdb,audit_anomaly,29
2026-09-19T16:54:52+00:00,auditdb,audit_log,1043628
2026-09-19T16:54:52+00:00,notificationdb,notifications,611
2026-09-19T16:54:52+00:00,triagedb,triages,3
2026-09-19T16:56:16+00:00,patientdb,patients,605461
2026-09-19T16:56:16+00:00,examdb,exam_requests,6
2026-09-19T16:56:16+00:00,resultdb,exam_results,610
2026-09-19T16:56:16+00:00,authdb,auth_clients,7
2026-09-19T16:56:16+00:00,consentdb,consents,36
2026-09-19T16:56:16+00:00,auditdb,audit_anomaly,29
2026-09-19T16:56:16+00:00,auditdb,audit_log,1066919
2026-09-19T16:56:16+00:00,notificationdb,notifications,611
2026-09-19T16:56:16+00:00,triagedb,triages,3
2026-09-19T16:57:51+00:00,patientdb,patients,605461
2026-09-19T16:57:51+00:00,examdb,exam_requests,6
2026-09-19T16:57:51+00:00,resultdb,exam_results,610
2026-09-19T16:57:51+00:00,authdb,auth_clients,7
2026-09-19T16:57:51+00:00,consentdb,consents,36
2026-09-19T16:57:51+00:00,auditdb,audit_anomaly,29
2026-09-19T16:57:51+00:00,auditdb,audit_log,1067212
2026-09-19T16:57:51+00:00,notificationdb,notifications,611
2026-09-19T16:57:51+00:00,triagedb,triages,3
2026-09-19T16:59:15+00:00,patientdb,patients,605461
2026-09-19T16:59:15+00:00,examdb,exam_requests,6
2026-09-19T16:59:15+00:00,resultdb,exam_results,610
2026-09-19T16:59:15+00:00,authdb,auth_clients,7
2026-09-19T16:59:15+00:00,consentdb,consents,36
2026-09-19T16:59:15+00:00,auditdb,audit_anomaly,29
2026-09-19T16:59:15+00:00,auditdb,audit_log,1092407
2026-09-19T16:59:15+00:00,notificationdb,notifications,611
2026-09-19T16:59:15+00:00,triagedb,triages,3
2026-09-19T17:00:33+00:00,patientdb,patients,605461
2026-09-19T17:00:33+00:00,examdb,exam_requests,6
2026-09-19T17:00:33+00:00,resultdb,exam_results,610
2026-09-19T17:00:33+00:00,authdb,auth_clients,7
2026-09-19T17:00:33+00:00,consentdb,consents,36
2026-09-19T17:00:33+00:00,auditdb,audit_anomaly,29
2026-09-19T17:00:33+00:00,auditdb,audit_log,1159020
2026-09-19T17:00:33+00:00,notificationdb,notifications,611
2026-09-19T17:00:33+00:00,triagedb,triages,3
2026-09-19T17:01:51+00:00,patientdb,patients,605482
2026-09-19T17:01:51+00:00,examdb,exam_requests,6
2026-09-19T17:01:51+00:00,resultdb,exam_results,1210
2026-09-19T17:01:51+00:00,authdb,auth_clients,7
2026-09-19T17:01:51+00:00,consentdb,consents,57
2026-09-19T17:01:51+00:00,auditdb,audit_anomaly,29
2026-09-19T17:01:51+00:00,auditdb,audit_log,1235113
2026-09-19T17:01:51+00:00,notificationdb,notifications,1296
2026-09-19T17:01:51+00:00,triagedb,triages,3
2026-09-19T17:03:27+00:00,patientdb,patients,605482
2026-09-19T17:03:27+00:00,examdb,exam_requests,6
2026-09-19T17:03:27+00:00,resultdb,exam_results,1210
2026-09-19T17:03:27+00:00,authdb,auth_clients,7
2026-09-19T17:03:27+00:00,consentdb,consents,57
2026-09-19T17:03:27+00:00,auditdb,audit_anomaly,29
2026-09-19T17:03:27+00:00,auditdb,audit_log,1259614
2026-09-19T17:03:27+00:00,notificationdb,notifications,1211
2026-09-19T17:03:27+00:00,triagedb,triages,3
2026-09-19T17:05:06+00:00,patientdb,patients,605482
2026-09-19T17:05:06+00:00,examdb,exam_requests,6
2026-09-19T17:05:06+00:00,resultdb,exam_results,1210
2026-09-19T17:05:06+00:00,authdb,auth_clients,7
2026-09-19T17:05:06+00:00,consentdb,consents,57
2026-09-19T17:05:06+00:00,auditdb,audit_anomaly,29
2026-09-19T17:05:06+00:00,auditdb,audit_log,1293052
2026-09-19T17:05:06+00:00,notificationdb,notifications,1211
2026-09-19T17:05:06+00:00,triagedb,triages,3
2026-09-19T17:06:41+00:00,patientdb,patients,605482
2026-09-19T17:06:41+00:00,examdb,exam_requests,6
2026-09-19T17:06:41+00:00,resultdb,exam_results,1210
2026-09-19T17:06:41+00:00,authdb,auth_clients,7
2026-09-19T17:06:41+00:00,consentdb,consents,57
2026-09-19T17:06:41+00:00,auditdb,audit_anomaly,29
2026-09-19T17:06:41+00:00,auditdb,audit_log,1322834
2026-09-19T17:06:41+00:00,notificationdb,notifications,1211
2026-09-19T17:06:41+00:00,triagedb,triages,3
2026-09-19T17:08:21+00:00,patientdb,patients,605482
2026-09-19T17:08:21+00:00,examdb,exam_requests,6
2026-09-19T17:08:21+00:00,resultdb,exam_results,1210
2026-09-19T17:08:21+00:00,authdb,auth_clients,7
2026-09-19T17:08:21+00:00,consentdb,consents,57
2026-09-19T17:08:21+00:00,auditdb,audit_anomaly,29
2026-09-19T17:08:21+00:00,auditdb,audit_log,1344424
2026-09-19T17:08:21+00:00,notificationdb,notifications,1211
2026-09-19T17:08:21+00:00,triagedb,triages,3
2026-09-19T17:09:50+00:00,patientdb,patients,605482
2026-09-19T17:09:50+00:00,examdb,exam_requests,6
2026-09-19T17:09:50+00:00,resultdb,exam_results,1210
2026-09-19T17:09:50+00:00,authdb,auth_clients,7
2026-09-19T17:09:50+00:00,consentdb,consents,57
2026-09-19T17:09:50+00:00,auditdb,audit_anomaly,29
2026-09-19T17:09:50+00:00,auditdb,audit_log,1377694
2026-09-19T17:09:50+00:00,notificationdb,notifications,1211
2026-09-19T17:09:50+00:00,triagedb,triages,3
2026-09-19T17:11:28+00:00,patientdb,patients,605482
2026-09-19T17:11:28+00:00,examdb,exam_requests,6
2026-09-19T17:11:28+00:00,resultdb,exam_results,1210
2026-09-19T17:11:28+00:00,authdb,auth_clients,7
2026-09-19T17:11:28+00:00,consentdb,consents,57
2026-09-19T17:11:28+00:00,auditdb,audit_anomaly,29
2026-09-19T17:11:28+00:00,auditdb,audit_log,1395024
2026-09-19T17:11:28+00:00,notificationdb,notifications,1211
2026-09-19T17:11:28+00:00,triagedb,triages,3
2026-09-19T17:12:56+00:00,patientdb,patients,605482
2026-09-19T17:12:56+00:00,examdb,exam_requests,6
2026-09-19T17:12:56+00:00,resultdb,exam_results,1210
2026-09-19T17:12:56+00:00,authdb,auth_clients,7
2026-09-19T17:12:56+00:00,consentdb,consents,57
2026-09-19T17:12:56+00:00,auditdb,audit_anomaly,29
2026-09-19T17:12:56+00:00,auditdb,audit_log,1436418
2026-09-19T17:12:56+00:00,notificationdb,notifications,1211
2026-09-19T17:12:56+00:00,triagedb,triages,3
2026-09-19T17:14:31+00:00,patientdb,patients,605482
2026-09-19T17:14:31+00:00,examdb,exam_requests,6
2026-09-19T17:14:31+00:00,resultdb,exam_results,1210
2026-09-19T17:14:31+00:00,authdb,auth_clients,7
2026-09-19T17:14:31+00:00,consentdb,consents,57
2026-09-19T17:14:31+00:00,auditdb,audit_anomaly,29
2026-09-19T17:14:31+00:00,auditdb,audit_log,1456566
2026-09-19T17:14:31+00:00,notificationdb,notifications,1211
2026-09-19T17:14:31+00:00,triagedb,triages,3
2026-09-19T17:15:59+00:00,patientdb,patients,605482
2026-09-19T17:15:59+00:00,examdb,exam_requests,6
2026-09-19T17:15:59+00:00,resultdb,exam_results,1210
2026-09-19T17:15:59+00:00,authdb,auth_clients,7
2026-09-19T17:15:59+00:00,consentdb,consents,57
2026-09-19T17:15:59+00:00,auditdb,audit_anomaly,29
2026-09-19T17:15:59+00:00,auditdb,audit_log,1499428
2026-09-19T17:15:59+00:00,notificationdb,notifications,1211
2026-09-19T17:15:59+00:00,triagedb,triages,3
2026-09-19T17:18:11+00:00,patientdb,patients,605482
2026-09-19T17:18:11+00:00,examdb,exam_requests,6
2026-09-19T17:18:11+00:00,resultdb,exam_results,1210
2026-09-19T17:18:11+00:00,authdb,auth_clients,7
2026-09-19T17:18:11+00:00,consentdb,consents,57
2026-09-19T17:18:11+00:00,auditdb,audit_anomaly,29
2026-09-19T17:18:11+00:00,auditdb,audit_log,1510218
2026-09-19T17:18:11+00:00,notificationdb,notifications,1211
2026-09-19T17:18:11+00:00,triagedb,triages,3
2026-09-19T17:19:47+00:00,patientdb,patients,605482
2026-09-19T17:19:47+00:00,examdb,exam_requests,6
2026-09-19T17:19:47+00:00,resultdb,exam_results,1210
2026-09-19T17:19:47+00:00,authdb,auth_clients,7
2026-09-19T17:19:47+00:00,consentdb,consents,57
2026-09-19T17:19:47+00:00,auditdb,audit_anomaly,29
2026-09-19T17:19:47+00:00,auditdb,audit_log,1567890
2026-09-19T17:19:47+00:00,notificationdb,notifications,1211
2026-09-19T17:19:47+00:00,triagedb,triages,3
2026-09-19T17:21:06+00:00,patientdb,patients,605482
2026-09-19T17:21:06+00:00,examdb,exam_requests,6
2026-09-19T17:21:06+00:00,resultdb,exam_results,1210
2026-09-19T17:21:06+00:00,authdb,auth_clients,7
2026-09-19T17:21:06+00:00,consentdb,consents,57
2026-09-19T17:21:06+00:00,auditdb,audit_anomaly,29
2026-09-19T17:21:06+00:00,auditdb,audit_log,1649805
2026-09-19T17:21:06+00:00,notificationdb,notifications,1211
2026-09-19T17:21:06+00:00,triagedb,triages,3
2026-09-19T17:22:31+00:00,patientdb,patients,605503
2026-09-19T17:22:31+00:00,examdb,exam_requests,6
2026-09-19T17:22:31+00:00,resultdb,exam_results,1810
2026-09-19T17:22:31+00:00,authdb,auth_clients,7
2026-09-19T17:22:31+00:00,consentdb,consents,78
2026-09-19T17:22:31+00:00,auditdb,audit_anomaly,29
2026-09-19T17:22:31+00:00,auditdb,audit_log,1711648
2026-09-19T17:22:31+00:00,notificationdb,notifications,1811
2026-09-19T17:22:31+00:00,triagedb,triages,3
2026-09-19T17:24:11+00:00,patientdb,patients,605503
2026-09-19T17:24:11+00:00,examdb,exam_requests,6
2026-09-19T17:24:11+00:00,resultdb,exam_results,1810
2026-09-19T17:24:11+00:00,authdb,auth_clients,7
2026-09-19T17:24:11+00:00,consentdb,consents,78
2026-09-19T17:24:11+00:00,auditdb,audit_anomaly,29
2026-09-19T17:24:11+00:00,auditdb,audit_log,1730644
2026-09-19T17:24:11+00:00,notificationdb,notifications,1811
2026-09-19T17:24:11+00:00,triagedb,triages,3
2026-09-19T17:25:42+00:00,patientdb,patients,605503
2026-09-19T17:25:42+00:00,examdb,exam_requests,6
2026-09-19T17:25:42+00:00,resultdb,exam_results,1810
2026-09-19T17:25:42+00:00,authdb,auth_clients,7
2026-09-19T17:25:42+00:00,consentdb,consents,78
2026-09-19T17:25:42+00:00,auditdb,audit_anomaly,29
2026-09-19T17:25:42+00:00,auditdb,audit_log,1774451
2026-09-19T17:25:42+00:00,notificationdb,notifications,1811
2026-09-19T17:25:42+00:00,triagedb,triages,3
2026-09-19T17:27:20+00:00,patientdb,patients,605503
2026-09-19T17:27:20+00:00,examdb,exam_requests,6
2026-09-19T17:27:20+00:00,resultdb,exam_results,1810
2026-09-19T17:27:20+00:00,authdb,auth_clients,7
2026-09-19T17:27:20+00:00,consentdb,consents,78
2026-09-19T17:27:20+00:00,auditdb,audit_anomaly,29
2026-09-19T17:27:20+00:00,auditdb,audit_log,1793064
2026-09-19T17:27:20+00:00,notificationdb,notifications,1811
2026-09-19T17:27:20+00:00,triagedb,triages,3
2026-09-19T17:28:53+00:00,patientdb,patients,605503
2026-09-19T17:28:53+00:00,examdb,exam_requests,6
2026-09-19T17:28:53+00:00,resultdb,exam_results,1810
2026-09-19T17:28:53+00:00,authdb,auth_clients,7
2026-09-19T17:28:53+00:00,consentdb,consents,78
2026-09-19T17:28:53+00:00,auditdb,audit_anomaly,29
2026-09-19T17:28:53+00:00,auditdb,audit_log,1828627
2026-09-19T17:28:53+00:00,notificationdb,notifications,1811
2026-09-19T17:28:53+00:00,triagedb,triages,3
2026-09-19T17:30:28+00:00,patientdb,patients,605503
2026-09-19T17:30:28+00:00,examdb,exam_requests,6
2026-09-19T17:30:28+00:00,resultdb,exam_results,1810
2026-09-19T17:30:28+00:00,authdb,auth_clients,7
2026-09-19T17:30:28+00:00,consentdb,consents,78
2026-09-19T17:30:28+00:00,auditdb,audit_anomaly,29
2026-09-19T17:30:28+00:00,auditdb,audit_log,1852474
2026-09-19T17:30:28+00:00,notificationdb,notifications,1811
2026-09-19T17:30:28+00:00,triagedb,triages,3
2026-09-19T17:32:06+00:00,patientdb,patients,605503
2026-09-19T17:32:06+00:00,examdb,exam_requests,6
2026-09-19T17:32:06+00:00,resultdb,exam_results,1810
2026-09-19T17:32:06+00:00,authdb,auth_clients,7
2026-09-19T17:32:06+00:00,consentdb,consents,78
2026-09-19T17:32:06+00:00,auditdb,audit_anomaly,29
2026-09-19T17:32:06+00:00,auditdb,audit_log,1872504
2026-09-19T17:32:06+00:00,notificationdb,notifications,1811
2026-09-19T17:32:06+00:00,triagedb,triages,3
2026-09-19T17:33:30+00:00,patientdb,patients,605503
2026-09-19T17:33:30+00:00,examdb,exam_requests,6
2026-09-19T17:33:30+00:00,resultdb,exam_results,1810
2026-09-19T17:33:30+00:00,authdb,auth_clients,7
2026-09-19T17:33:30+00:00,consentdb,consents,78
2026-09-19T17:33:30+00:00,auditdb,audit_anomaly,29
2026-09-19T17:33:30+00:00,auditdb,audit_log,1915453
2026-09-19T17:33:30+00:00,notificationdb,notifications,1811
2026-09-19T17:33:30+00:00,triagedb,triages,3
2026-09-19T17:35:02+00:00,patientdb,patients,605503
2026-09-19T17:35:02+00:00,examdb,exam_requests,6
2026-09-19T17:35:02+00:00,resultdb,exam_results,1810
2026-09-19T17:35:02+00:00,authdb,auth_clients,7
2026-09-19T17:35:02+00:00,consentdb,consents,78
2026-09-19T17:35:02+00:00,auditdb,audit_anomaly,29
2026-09-19T17:35:02+00:00,auditdb,audit_log,1935728
2026-09-19T17:35:02+00:00,notificationdb,notifications,1811
2026-09-19T17:35:02+00:00,triagedb,triages,3
2026-09-19T17:36:35+00:00,patientdb,patients,605503
2026-09-19T17:36:35+00:00,examdb,exam_requests,6
2026-09-19T17:36:35+00:00,resultdb,exam_results,1810
2026-09-19T17:36:35+00:00,authdb,auth_clients,7
2026-09-19T17:36:35+00:00,consentdb,consents,78
2026-09-19T17:36:35+00:00,auditdb,audit_anomaly,29
2026-09-19T17:36:35+00:00,auditdb,audit_log,1974908
2026-09-19T17:36:35+00:00,notificationdb,notifications,1811
2026-09-19T17:36:35+00:00,triagedb,triages,3
2026-09-19T17:38:50+00:00,patientdb,patients,605503
2026-09-19T17:38:50+00:00,examdb,exam_requests,6
2026-09-19T17:38:50+00:00,resultdb,exam_results,1810
2026-09-19T17:38:50+00:00,authdb,auth_clients,7
2026-09-19T17:38:50+00:00,consentdb,consents,78
2026-09-19T17:38:50+00:00,auditdb,audit_anomaly,29
2026-09-19T17:38:50+00:00,auditdb,audit_log,1986888
2026-09-19T17:38:50+00:00,notificationdb,notifications,1811
2026-09-19T17:38:50+00:00,triagedb,triages,3
2026-09-19T17:40:13+00:00,patientdb,patients,605503
2026-09-19T17:40:13+00:00,examdb,exam_requests,6
2026-09-19T17:40:13+00:00,resultdb,exam_results,1810
2026-09-19T17:40:13+00:00,authdb,auth_clients,7
2026-09-19T17:40:13+00:00,consentdb,consents,78
2026-09-19T17:40:13+00:00,auditdb,audit_anomaly,29
2026-09-19T17:40:13+00:00,auditdb,audit_log,2061929
2026-09-19T17:40:13+00:00,notificationdb,notifications,1811
2026-09-19T17:40:13+00:00,triagedb,triages,3
2026-09-19T17:41:37+00:00,patientdb,patients,605503
2026-09-19T17:41:37+00:00,examdb,exam_requests,6
2026-09-19T17:41:37+00:00,resultdb,exam_results,1810
2026-09-19T17:41:37+00:00,authdb,auth_clients,7
2026-09-19T17:41:37+00:00,consentdb,consents,78
2026-09-19T17:41:37+00:00,auditdb,audit_anomaly,29
2026-09-19T17:41:37+00:00,auditdb,audit_log,2150831
2026-09-19T17:41:37+00:00,notificationdb,notifications,1811
2026-09-19T17:41:37+00:00,triagedb,triages,3
2026-09-19T17:42:57+00:00,patientdb,patients,605503
2026-09-19T17:42:57+00:00,examdb,exam_requests,6
2026-09-19T17:42:57+00:00,resultdb,exam_results,1810
2026-09-19T17:42:57+00:00,authdb,auth_clients,7
2026-09-19T17:42:57+00:00,consentdb,consents,78
2026-09-19T17:42:57+00:00,auditdb,audit_anomaly,29
2026-09-19T17:42:57+00:00,auditdb,audit_log,2236262
2026-09-19T17:42:57+00:00,notificationdb,notifications,1811
2026-09-19T17:42:57+00:00,triagedb,triages,3
2026-09-19T17:44:16+00:00,patientdb,patients,605503
2026-09-19T17:44:16+00:00,examdb,exam_requests,6
2026-09-19T17:44:16+00:00,resultdb,exam_results,1810
2026-09-19T17:44:16+00:00,authdb,auth_clients,7
2026-09-19T17:44:16+00:00,consentdb,consents,78
2026-09-19T17:44:16+00:00,auditdb,audit_anomaly,29
2026-09-19T17:44:16+00:00,auditdb,audit_log,2310844
2026-09-19T17:44:16+00:00,notificationdb,notifications,1811
2026-09-19T17:44:16+00:00,triagedb,triages,3
2026-09-19T17:45:33+00:00,patientdb,patients,605503
2026-09-19T17:45:33+00:00,examdb,exam_requests,6
2026-09-19T17:45:33+00:00,resultdb,exam_results,1810
2026-09-19T17:45:33+00:00,authdb,auth_clients,7
2026-09-19T17:45:33+00:00,consentdb,consents,78
2026-09-19T17:45:33+00:00,auditdb,audit_anomaly,29
2026-09-19T17:45:33+00:00,auditdb,audit_log,2400871
2026-09-19T17:45:33+00:00,notificationdb,notifications,1811
2026-09-19T17:45:33+00:00,triagedb,triages,3
2026-09-19T17:46:57+00:00,patientdb,patients,605503
2026-09-19T17:46:57+00:00,examdb,exam_requests,6
2026-09-19T17:46:57+00:00,resultdb,exam_results,1810
2026-09-19T17:46:57+00:00,authdb,auth_clients,7
2026-09-19T17:46:57+00:00,consentdb,consents,78
2026-09-19T17:46:57+00:00,auditdb,audit_anomaly,29
2026-09-19T17:46:57+00:00,auditdb,audit_log,2494220
2026-09-19T17:46:57+00:00,notificationdb,notifications,1811
2026-09-19T17:46:57+00:00,triagedb,triages,3
2026-09-19T17:48:21+00:00,patientdb,patients,605503
2026-09-19T17:48:21+00:00,examdb,exam_requests,6
2026-09-19T17:48:21+00:00,resultdb,exam_results,1810
2026-09-19T17:48:21+00:00,authdb,auth_clients,7
2026-09-19T17:48:21+00:00,consentdb,consents,78
2026-09-19T17:48:21+00:00,auditdb,audit_anomaly,29
2026-09-19T17:48:21+00:00,auditdb,audit_log,2584602
2026-09-19T17:48:21+00:00,notificationdb,notifications,1811
2026-09-19T17:48:21+00:00,triagedb,triages,3
2026-09-19T17:49:40+00:00,patientdb,patients,605503
2026-09-19T17:49:40+00:00,examdb,exam_requests,6
2026-09-19T17:49:40+00:00,resultdb,exam_results,1810
2026-09-19T17:49:40+00:00,authdb,auth_clients,7
2026-09-19T17:49:40+00:00,consentdb,consents,78
2026-09-19T17:49:40+00:00,auditdb,audit_anomaly,29
2026-09-19T17:49:40+00:00,auditdb,audit_log,2670661
2026-09-19T17:49:40+00:00,notificationdb,notifications,1811
2026-09-19T17:49:40+00:00,triagedb,triages,3
2026-09-19T17:50:56+00:00,patientdb,patients,605503
2026-09-19T17:50:56+00:00,examdb,exam_requests,6
2026-09-19T17:50:56+00:00,resultdb,exam_results,1810
2026-09-19T17:50:56+00:00,authdb,auth_clients,7
2026-09-19T17:50:56+00:00,consentdb,consents,78
2026-09-19T17:50:56+00:00,auditdb,audit_anomaly,29
2026-09-19T17:50:56+00:00,auditdb,audit_log,2755640
2026-09-19T17:50:56+00:00,notificationdb,notifications,1811
2026-09-19T17:50:56+00:00,triagedb,triages,3
2026-09-19T17:52:12+00:00,patientdb,patients,605503
2026-09-19T17:52:12+00:00,examdb,exam_requests,6
2026-09-19T17:52:12+00:00,resultdb,exam_results,1810
2026-09-19T17:52:12+00:00,authdb,auth_clients,7
2026-09-19T17:52:12+00:00,consentdb,consents,78
2026-09-19T17:52:12+00:00,auditdb,audit_anomaly,29
2026-09-19T17:52:12+00:00,auditdb,audit_log,2824403
2026-09-19T17:52:12+00:00,notificationdb,notifications,1811
2026-09-19T17:52:12+00:00,triagedb,triages,3
2026-09-19T17:53:36+00:00,patientdb,patients,605503
2026-09-19T17:53:36+00:00,examdb,exam_requests,6
2026-09-19T17:53:36+00:00,resultdb,exam_results,1810
2026-09-19T17:53:36+00:00,authdb,auth_clients,7
2026-09-19T17:53:36+00:00,consentdb,consents,78
2026-09-19T17:53:36+00:00,auditdb,audit_anomaly,29
2026-09-19T17:53:36+00:00,auditdb,audit_log,2882797
2026-09-19T17:53:36+00:00,notificationdb,notifications,1811
2026-09-19T17:53:36+00:00,triagedb,triages,3
2026-09-19T17:55:00+00:00,patientdb,patients,605503
2026-09-19T17:55:00+00:00,examdb,exam_requests,6
2026-09-19T17:55:00+00:00,resultdb,exam_results,1810
2026-09-19T17:55:00+00:00,authdb,auth_clients,7
2026-09-19T17:55:00+00:00,consentdb,consents,78
2026-09-19T17:55:00+00:00,auditdb,audit_anomaly,29
2026-09-19T17:55:00+00:00,auditdb,audit_log,2965902
2026-09-19T17:55:00+00:00,notificationdb,notifications,1811
2026-09-19T17:55:00+00:00,triagedb,triages,3
2026-09-19T17:56:20+00:00,patientdb,patients,605503
2026-09-19T17:56:20+00:00,examdb,exam_requests,6
2026-09-19T17:56:20+00:00,resultdb,exam_results,1810
2026-09-19T17:56:20+00:00,authdb,auth_clients,7
2026-09-19T17:56:20+00:00,consentdb,consents,78
2026-09-19T17:56:20+00:00,auditdb,audit_anomaly,29
2026-09-19T17:56:20+00:00,auditdb,audit_log,3033367
2026-09-19T17:56:20+00:00,notificationdb,notifications,1811
2026-09-19T17:56:20+00:00,triagedb,triages,3
2026-09-19T17:57:38+00:00,patientdb,patients,605503
2026-09-19T17:57:38+00:00,examdb,exam_requests,6
2026-09-19T17:57:38+00:00,resultdb,exam_results,1810
2026-09-19T17:57:38+00:00,authdb,auth_clients,7
2026-09-19T17:57:38+00:00,consentdb,consents,78
2026-09-19T17:57:38+00:00,auditdb,audit_anomaly,29
2026-09-19T17:57:38+00:00,auditdb,audit_log,3098748
2026-09-19T17:57:38+00:00,notificationdb,notifications,1811
2026-09-19T17:57:38+00:00,triagedb,triages,3
2026-09-19T17:58:54+00:00,patientdb,patients,605503
2026-09-19T17:58:54+00:00,examdb,exam_requests,6
2026-09-19T17:58:54+00:00,resultdb,exam_results,1810
2026-09-19T17:58:54+00:00,authdb,auth_clients,7
2026-09-19T17:58:54+00:00,consentdb,consents,78
2026-09-19T17:58:54+00:00,auditdb,audit_anomaly,29
2026-09-19T17:58:54+00:00,auditdb,audit_log,3164445
2026-09-19T17:58:54+00:00,notificationdb,notifications,1811
2026-09-19T17:58:54+00:00,triagedb,triages,3
2026-09-19T18:00:14+00:00,patientdb,patients,605503
2026-09-19T18:00:14+00:00,examdb,exam_requests,6
2026-09-19T18:00:14+00:00,resultdb,exam_results,1810
2026-09-19T18:00:14+00:00,authdb,auth_clients,7
2026-09-19T18:00:14+00:00,consentdb,consents,78
2026-09-19T18:00:14+00:00,auditdb,audit_anomaly,29
2026-09-19T18:00:14+00:00,auditdb,audit_log,3233122
2026-09-19T18:00:14+00:00,notificationdb,notifications,1811
2026-09-19T18:00:14+00:00,triagedb,triages,3
2026-09-19T18:01:35+00:00,patientdb,patients,605503
2026-09-19T18:01:35+00:00,examdb,exam_requests,6
2026-09-19T18:01:35+00:00,resultdb,exam_results,1810
2026-09-19T18:01:35+00:00,authdb,auth_clients,7
2026-09-19T18:01:35+00:00,consentdb,consents,78
2026-09-19T18:01:35+00:00,auditdb,audit_anomaly,29
2026-09-19T18:01:35+00:00,auditdb,audit_log,3298809
2026-09-19T18:01:35+00:00,notificationdb,notifications,1811
2026-09-19T18:01:35+00:00,triagedb,triages,3
2026-09-19T18:02:53+00:00,patientdb,patients,605503
2026-09-19T18:02:53+00:00,examdb,exam_requests,6
2026-09-19T18:02:53+00:00,resultdb,exam_results,1810
2026-09-19T18:02:53+00:00,authdb,auth_clients,7
2026-09-19T18:02:53+00:00,consentdb,consents,78
2026-09-19T18:02:53+00:00,auditdb,audit_anomaly,29
2026-09-19T18:02:53+00:00,auditdb,audit_log,3346459
2026-09-19T18:02:53+00:00,notificationdb,notifications,1811
2026-09-19T18:02:53+00:00,triagedb,triages,3
2026-09-19T18:04:11+00:00,patientdb,patients,605503
2026-09-19T18:04:11+00:00,examdb,exam_requests,6
2026-09-19T18:04:11+00:00,resultdb,exam_results,1810
2026-09-19T18:04:11+00:00,authdb,auth_clients,7
2026-09-19T18:04:11+00:00,consentdb,consents,78
2026-09-19T18:04:11+00:00,auditdb,audit_anomaly,29
2026-09-19T18:04:11+00:00,auditdb,audit_log,3381517
2026-09-19T18:04:11+00:00,notificationdb,notifications,1811
2026-09-19T18:04:11+00:00,triagedb,triages,3
2026-09-19T18:05:29+00:00,patientdb,patients,605503
2026-09-19T18:05:29+00:00,examdb,exam_requests,6
2026-09-19T18:05:29+00:00,resultdb,exam_results,1810
2026-09-19T18:05:29+00:00,authdb,auth_clients,7
2026-09-19T18:05:29+00:00,consentdb,consents,78
2026-09-19T18:05:29+00:00,auditdb,audit_anomaly,29
2026-09-19T18:05:29+00:00,auditdb,audit_log,3399017
2026-09-19T18:05:29+00:00,notificationdb,notifications,1811
2026-09-19T18:05:29+00:00,triagedb,triages,3
2026-09-19T18:06:49+00:00,patientdb,patients,605503
2026-09-19T18:06:49+00:00,examdb,exam_requests,6
2026-09-19T18:06:49+00:00,resultdb,exam_results,1810
2026-09-19T18:06:49+00:00,authdb,auth_clients,7
2026-09-19T18:06:49+00:00,consentdb,consents,78
2026-09-19T18:06:49+00:00,auditdb,audit_anomaly,29
2026-09-19T18:06:49+00:00,auditdb,audit_log,3399017
2026-09-19T18:06:49+00:00,notificationdb,notifications,1811
2026-09-19T18:06:49+00:00,triagedb,triages,3
2026-09-19T18:08:12+00:00,patientdb,patients,605503
2026-09-19T18:08:12+00:00,examdb,exam_requests,6
2026-09-19T18:08:12+00:00,resultdb,exam_results,1810
2026-09-19T18:08:12+00:00,authdb,auth_clients,7
2026-09-19T18:08:12+00:00,consentdb,consents,78
2026-09-19T18:08:12+00:00,auditdb,audit_anomaly,29
2026-09-19T18:08:12+00:00,auditdb,audit_log,3399017
2026-09-19T18:08:12+00:00,notificationdb,notifications,1811
2026-09-19T18:08:12+00:00,triagedb,triages,3
2026-09-19T18:09:32+00:00,patientdb,patients,605503
2026-09-19T18:09:32+00:00,examdb,exam_requests,6
2026-09-19T18:09:32+00:00,resultdb,exam_results,1810
2026-09-19T18:09:32+00:00,authdb,auth_clients,7
2026-09-19T18:09:32+00:00,consentdb,consents,78
2026-09-19T18:09:32+00:00,auditdb,audit_anomaly,29
2026-09-19T18:09:32+00:00,auditdb,audit_log,3399017
2026-09-19T18:09:32+00:00,notificationdb,notifications,1811
2026-09-19T18:09:32+00:00,triagedb,triages,3
2026-09-19T18:10:51+00:00,patientdb,patients,605503
2026-09-19T18:10:51+00:00,examdb,exam_requests,6
2026-09-19T18:10:51+00:00,resultdb,exam_results,1810
2026-09-19T18:10:51+00:00,authdb,auth_clients,7
2026-09-19T18:10:51+00:00,consentdb,consents,78
2026-09-19T18:10:51+00:00,auditdb,audit_anomaly,29
2026-09-19T18:10:51+00:00,auditdb,audit_log,3399017
2026-09-19T18:10:51+00:00,notificationdb,notifications,1811
2026-09-19T18:10:51+00:00,triagedb,triages,3
2026-09-19T18:12:07+00:00,patientdb,patients,605503
2026-09-19T18:12:07+00:00,examdb,exam_requests,6
2026-09-19T18:12:07+00:00,resultdb,exam_results,1810
2026-09-19T18:12:07+00:00,authdb,auth_clients,7
2026-09-19T18:12:07+00:00,consentdb,consents,78
2026-09-19T18:12:07+00:00,auditdb,audit_anomaly,29
2026-09-19T18:12:07+00:00,auditdb,audit_log,3399017
2026-09-19T18:12:07+00:00,notificationdb,notifications,1811
2026-09-19T18:12:07+00:00,triagedb,triages,3
2026-09-19T18:13:22+00:00,patientdb,patients,605503
2026-09-19T18:13:22+00:00,examdb,exam_requests,6
2026-09-19T18:13:22+00:00,resultdb,exam_results,1810
2026-09-19T18:13:22+00:00,authdb,auth_clients,7
2026-09-19T18:13:22+00:00,consentdb,consents,78
2026-09-19T18:13:22+00:00,auditdb,audit_anomaly,29
2026-09-19T18:13:22+00:00,auditdb,audit_log,3399017
2026-09-19T18:13:22+00:00,notificationdb,notifications,1811
2026-09-19T18:13:22+00:00,triagedb,triages,3
2026-09-19T18:14:41+00:00,patientdb,patients,605503
2026-09-19T18:14:41+00:00,examdb,exam_requests,6
2026-09-19T18:14:41+00:00,resultdb,exam_results,1810
2026-09-19T18:14:41+00:00,authdb,auth_clients,7
2026-09-19T18:14:41+00:00,consentdb,consents,78
2026-09-19T18:14:41+00:00,auditdb,audit_anomaly,29
2026-09-19T18:14:41+00:00,auditdb,audit_log,3399017
2026-09-19T18:14:41+00:00,notificationdb,notifications,1811
2026-09-19T18:14:41+00:00,triagedb,triages,3
2026-09-19T18:16:01+00:00,patientdb,patients,605503
2026-09-19T18:16:01+00:00,examdb,exam_requests,6
2026-09-19T18:16:01+00:00,resultdb,exam_results,1810
2026-09-19T18:16:01+00:00,authdb,auth_clients,7
2026-09-19T18:16:01+00:00,consentdb,consents,78
2026-09-19T18:16:01+00:00,auditdb,audit_anomaly,29
2026-09-19T18:16:01+00:00,auditdb,audit_log,3399017
2026-09-19T18:16:01+00:00,notificationdb,notifications,1811
2026-09-19T18:16:01+00:00,triagedb,triages,3
2026-09-19T18:17:21+00:00,patientdb,patients,605503
2026-09-19T18:17:21+00:00,examdb,exam_requests,6
2026-09-19T18:17:21+00:00,resultdb,exam_results,1810
2026-09-19T18:17:21+00:00,authdb,auth_clients,7
2026-09-19T18:17:21+00:00,consentdb,consents,78
2026-09-19T18:17:21+00:00,auditdb,audit_anomaly,29
2026-09-19T18:17:21+00:00,auditdb,audit_log,3399017
2026-09-19T18:17:21+00:00,notificationdb,notifications,1811
2026-09-19T18:17:21+00:00,triagedb,triages,3
2026-09-19T18:18:39+00:00,patientdb,patients,605503
2026-09-19T18:18:39+00:00,examdb,exam_requests,6
2026-09-19T18:18:39+00:00,resultdb,exam_results,1810
2026-09-19T18:18:39+00:00,authdb,auth_clients,7
2026-09-19T18:18:39+00:00,consentdb,consents,78
2026-09-19T18:18:39+00:00,auditdb,audit_anomaly,29
2026-09-19T18:18:39+00:00,auditdb,audit_log,3399017
2026-09-19T18:18:39+00:00,notificationdb,notifications,1811
2026-09-19T18:18:39+00:00,triagedb,triages,3
2026-09-19T18:19:54+00:00,patientdb,patients,605503
2026-09-19T18:19:54+00:00,examdb,exam_requests,6
2026-09-19T18:19:54+00:00,resultdb,exam_results,1810
2026-09-19T18:19:54+00:00,authdb,auth_clients,7
2026-09-19T18:19:54+00:00,consentdb,consents,78
2026-09-19T18:19:54+00:00,auditdb,audit_anomaly,29
2026-09-19T18:19:54+00:00,auditdb,audit_log,3399017
2026-09-19T18:19:54+00:00,notificationdb,notifications,1811
2026-09-19T18:19:54+00:00,triagedb,triages,3
2026-09-19T18:21:13+00:00,patientdb,patients,605503
2026-09-19T18:21:13+00:00,examdb,exam_requests,6
2026-09-19T18:21:13+00:00,resultdb,exam_results,1810
2026-09-19T18:21:13+00:00,authdb,auth_clients,7
2026-09-19T18:21:13+00:00,consentdb,consents,78
2026-09-19T18:21:13+00:00,auditdb,audit_anomaly,29
2026-09-19T18:21:13+00:00,auditdb,audit_log,3399017
2026-09-19T18:21:13+00:00,notificationdb,notifications,1811
2026-09-19T18:21:13+00:00,triagedb,triages,3
2026-09-19T18:22:35+00:00,patientdb,patients,605503
2026-09-19T18:22:35+00:00,examdb,exam_requests,6
2026-09-19T18:22:35+00:00,resultdb,exam_results,1810
2026-09-19T18:22:35+00:00,authdb,auth_clients,7
2026-09-19T18:22:35+00:00,consentdb,consents,78
2026-09-19T18:22:35+00:00,auditdb,audit_anomaly,29
2026-09-19T18:22:35+00:00,auditdb,audit_log,3399017
2026-09-19T18:22:35+00:00,notificationdb,notifications,1811
2026-09-19T18:22:35+00:00,triagedb,triages,3
2026-09-19T18:23:53+00:00,patientdb,patients,605503
2026-09-19T18:23:53+00:00,examdb,exam_requests,6
2026-09-19T18:23:53+00:00,resultdb,exam_results,1810
2026-09-19T18:23:53+00:00,authdb,auth_clients,7
2026-09-19T18:23:53+00:00,consentdb,consents,78
2026-09-19T18:23:53+00:00,auditdb,audit_anomaly,29
2026-09-19T18:23:53+00:00,auditdb,audit_log,3399017
2026-09-19T18:23:53+00:00,notificationdb,notifications,1811
2026-09-19T18:23:53+00:00,triagedb,triages,3
2026-09-19T18:25:12+00:00,patientdb,patients,605503
2026-09-19T18:25:12+00:00,examdb,exam_requests,6
2026-09-19T18:25:12+00:00,resultdb,exam_results,1810
2026-09-19T18:25:12+00:00,authdb,auth_clients,7
2026-09-19T18:25:12+00:00,consentdb,consents,78
2026-09-19T18:25:12+00:00,auditdb,audit_anomaly,29
2026-09-19T18:25:12+00:00,auditdb,audit_log,3399017
2026-09-19T18:25:12+00:00,notificationdb,notifications,1811
2026-09-19T18:25:12+00:00,triagedb,triages,3
2026-09-19T18:26:28+00:00,patientdb,patients,605503
2026-09-19T18:26:28+00:00,examdb,exam_requests,6
2026-09-19T18:26:28+00:00,resultdb,exam_results,1810
2026-09-19T18:26:28+00:00,authdb,auth_clients,7
2026-09-19T18:26:28+00:00,consentdb,consents,78
2026-09-19T18:26:28+00:00,auditdb,audit_anomaly,29
2026-09-19T18:26:28+00:00,auditdb,audit_log,3399017
2026-09-19T18:26:28+00:00,notificationdb,notifications,1811
2026-09-19T18:26:28+00:00,triagedb,triages,3
2026-09-19T18:27:44+00:00,patientdb,patients,605503
2026-09-19T18:27:44+00:00,examdb,exam_requests,6
2026-09-19T18:27:44+00:00,resultdb,exam_results,1810
2026-09-19T18:27:44+00:00,authdb,auth_clients,7
2026-09-19T18:27:44+00:00,consentdb,consents,78
2026-09-19T18:27:44+00:00,auditdb,audit_anomaly,29
2026-09-19T18:27:44+00:00,auditdb,audit_log,3399017
2026-09-19T18:27:44+00:00,notificationdb,notifications,1811
2026-09-19T18:27:44+00:00,triagedb,triages,3
2026-09-19T18:29:02+00:00,patientdb,patients,605503
2026-09-19T18:29:02+00:00,examdb,exam_requests,6
2026-09-19T18:29:02+00:00,resultdb,exam_results,1810
2026-09-19T18:29:02+00:00,authdb,auth_clients,7
2026-09-19T18:29:02+00:00,consentdb,consents,78
2026-09-19T18:29:02+00:00,auditdb,audit_anomaly,29
2026-09-19T18:29:02+00:00,auditdb,audit_log,3399017
2026-09-19T18:29:02+00:00,notificationdb,notifications,1811
2026-09-19T18:29:02+00:00,triagedb,triages,3
2026-09-19T18:30:23+00:00,patientdb,patients,605503
2026-09-19T18:30:23+00:00,examdb,exam_requests,6
2026-09-19T18:30:23+00:00,resultdb,exam_results,1810
2026-09-19T18:30:23+00:00,authdb,auth_clients,7
2026-09-19T18:30:23+00:00,consentdb,consents,78
2026-09-19T18:30:23+00:00,auditdb,audit_anomaly,29
2026-09-19T18:30:23+00:00,auditdb,audit_log,3399017
2026-09-19T18:30:23+00:00,notificationdb,notifications,1811
2026-09-19T18:30:23+00:00,triagedb,triages,3
2026-09-19T18:31:43+00:00,patientdb,patients,605503
2026-09-19T18:31:43+00:00,examdb,exam_requests,6
2026-09-19T18:31:43+00:00,resultdb,exam_results,1810
2026-09-19T18:31:43+00:00,authdb,auth_clients,7
2026-09-19T18:31:43+00:00,consentdb,consents,78
2026-09-19T18:31:43+00:00,auditdb,audit_anomaly,29
2026-09-19T18:31:43+00:00,auditdb,audit_log,3399017
2026-09-19T18:31:43+00:00,notificationdb,notifications,1811
2026-09-19T18:31:43+00:00,triagedb,triages,3
2026-09-19T18:33:02+00:00,patientdb,patients,605503
2026-09-19T18:33:02+00:00,examdb,exam_requests,6
2026-09-19T18:33:02+00:00,resultdb,exam_results,1810
2026-09-19T18:33:02+00:00,authdb,auth_clients,7
2026-09-19T18:33:02+00:00,consentdb,consents,78
2026-09-19T18:33:02+00:00,auditdb,audit_anomaly,29
2026-09-19T18:33:02+00:00,auditdb,audit_log,3399017
2026-09-19T18:33:02+00:00,notificationdb,notifications,1811
2026-09-19T18:33:02+00:00,triagedb,triages,3
2026-09-19T18:34:19+00:00,patientdb,patients,605503
2026-09-19T18:34:19+00:00,examdb,exam_requests,6
2026-09-19T18:34:19+00:00,resultdb,exam_results,1810
2026-09-19T18:34:19+00:00,authdb,auth_clients,7
2026-09-19T18:34:19+00:00,consentdb,consents,78
2026-09-19T18:34:19+00:00,auditdb,audit_anomaly,29
2026-09-19T18:34:19+00:00,auditdb,audit_log,3399017
2026-09-19T18:34:19+00:00,notificationdb,notifications,1811
2026-09-19T18:34:19+00:00,triagedb,triages,3
2026-09-19T18:35:34+00:00,patientdb,patients,605503
2026-09-19T18:35:34+00:00,examdb,exam_requests,6
2026-09-19T18:35:34+00:00,resultdb,exam_results,1810
2026-09-19T18:35:34+00:00,authdb,auth_clients,7
2026-09-19T18:35:34+00:00,consentdb,consents,78
2026-09-19T18:35:34+00:00,auditdb,audit_anomaly,29
2026-09-19T18:35:34+00:00,auditdb,audit_log,3399017
2026-09-19T18:35:34+00:00,notificationdb,notifications,1811
2026-09-19T18:35:34+00:00,triagedb,triages,3
2026-09-19T18:36:53+00:00,patientdb,patients,605503
2026-09-19T18:36:53+00:00,examdb,exam_requests,6
2026-09-19T18:36:53+00:00,resultdb,exam_results,1810
2026-09-19T18:36:53+00:00,authdb,auth_clients,7
2026-09-19T18:36:53+00:00,consentdb,consents,78
2026-09-19T18:36:53+00:00,auditdb,audit_anomaly,29
2026-09-19T18:36:53+00:00,auditdb,audit_log,3399017
2026-09-19T18:36:53+00:00,notificationdb,notifications,1811
2026-09-19T18:36:53+00:00,triagedb,triages,3
2026-09-19T18:38:16+00:00,patientdb,patients,605503
2026-09-19T18:38:16+00:00,examdb,exam_requests,6
2026-09-19T18:38:16+00:00,resultdb,exam_results,1810
2026-09-19T18:38:16+00:00,authdb,auth_clients,7
2026-09-19T18:38:16+00:00,consentdb,consents,78
2026-09-19T18:38:16+00:00,auditdb,audit_anomaly,29
2026-09-19T18:38:16+00:00,auditdb,audit_log,3399017
2026-09-19T18:38:16+00:00,notificationdb,notifications,1811
2026-09-19T18:38:16+00:00,triagedb,triages,3
2026-09-19T18:39:35+00:00,patientdb,patients,605503
2026-09-19T18:39:35+00:00,examdb,exam_requests,6
2026-09-19T18:39:35+00:00,resultdb,exam_results,1810
2026-09-19T18:39:35+00:00,authdb,auth_clients,7
2026-09-19T18:39:35+00:00,consentdb,consents,78
2026-09-19T18:39:35+00:00,auditdb,audit_anomaly,29
2026-09-19T18:39:35+00:00,auditdb,audit_log,3399017
2026-09-19T18:39:35+00:00,notificationdb,notifications,1811
2026-09-19T18:39:35+00:00,triagedb,triages,3
2026-09-19T18:40:52+00:00,patientdb,patients,605503
2026-09-19T18:40:52+00:00,examdb,exam_requests,6
2026-09-19T18:40:52+00:00,resultdb,exam_results,1810
2026-09-19T18:40:52+00:00,authdb,auth_clients,7
2026-09-19T18:40:52+00:00,consentdb,consents,78
2026-09-19T18:40:52+00:00,auditdb,audit_anomaly,29
2026-09-19T18:40:52+00:00,auditdb,audit_log,3399017
2026-09-19T18:40:52+00:00,notificationdb,notifications,1811
2026-09-19T18:40:52+00:00,triagedb,triages,3
2026-09-19T18:42:10+00:00,patientdb,patients,605503
2026-09-19T18:42:10+00:00,examdb,exam_requests,6
2026-09-19T18:42:10+00:00,resultdb,exam_results,1810
2026-09-19T18:42:10+00:00,authdb,auth_clients,7
2026-09-19T18:42:10+00:00,consentdb,consents,78
2026-09-19T18:42:10+00:00,auditdb,audit_anomaly,29
2026-09-19T18:42:10+00:00,auditdb,audit_log,3399017
2026-09-19T18:42:10+00:00,notificationdb,notifications,1811
2026-09-19T18:42:10+00:00,triagedb,triages,3
